<?xml version="1.0" encoding="UTF-8"?>
<beans xmlns="http://www.springframework.org/schema/beans" 
	xmlns:xsi="http://www.w3.org/2001/XMLSchema-instance"
	xmlns:context="http://www.springframework.org/schema/context" 
	xmlns:jdbc="http://www.springframework.org/schema/jdbc"  
	xmlns:jee="http://www.springframework.org/schema/jee" 
	xmlns:tx="http://www.springframework.org/schema/tx"
	xmlns:aop="http://www.springframework.org/schema/aop" 
	xmlns:mvc="http://www.springframework.org/schema/mvc"
	xmlns:util="http://www.springframework.org/schema/util"
	xmlns:jpa="http://www.springframework.org/schema/data/jpa"
	xsi:schemaLocation="
		http://www.springframework.org/schema/beans http://www.springframework.org/schema/beans/spring-beans-3.2.xsd
		http://www.springframework.org/schema/context http://www.springframework.org/schema/context/spring-context-3.2.xsd
		http://www.springframework.org/schema/jdbc http://www.springframework.org/schema/jdbc/spring-jdbc-3.2.xsd
		http://www.springframework.org/schema/jee http://www.springframework.org/schema/jee/spring-jee-3.2.xsd
		http://www.springframework.org/schema/tx http://www.springframework.org/schema/tx/spring-tx-3.2.xsd
		http://www.springframework.org/schema/data/jpa http://www.springframework.org/schema/data/jpa/spring-jpa-1.3.xsd
		http://www.springframework.org/schema/aop http://www.springframework.org/schema/aop/spring-aop-3.2.xsd
		http://www.springframework.org/schema/mvc http://www.springframework.org/schema/mvc/spring-mvc-3.2.xsd
		http://www.springframework.org/schema/util http://www.springframework.org/schema/util/spring-util-3.2.xsd">
	<!-- 注入基本类型的值 -->
	<bean id="eb1" class="value.ExampleBean">
		<property name="name" value="小月"/>
		<property name="age" value="20"/>
		<property name="cities">
			<list>
				<value>北京</value>
				<value>长沙</value>
				<value>武汉</value>
				<value>武汉</value>
			</list>
		</property>
		<property name="interest">
			<set>
				<value>钓鱼</value>
				<value>台球</value>
				<value>书法</value>
				<value>书法</value>
			</set>
		</property>
		<property name="score">
			<map>
				<entry key="英语" value="59.5"/>
				<entry key="math" value="69.5"/>
			</map>
		</property>
		<property name="db">
			<props>
				<prop key="username">Tom</prop>
				<prop key="password">1234</prop>
			</props>
		</property>
	</bean>
	
	<!-- 将集合类型的值配置成一个bean。 
	util:list 表示使用的是util命名空间的
	list元素。 
	-->
	<util:list id="citiesBean">
		<value>北京</value>
		<value>岳阳</value>
		<value>华容</value>
	</util:list>
	<util:set id="interestBean">
		<value>游泳</value>
		<value>做饭</value>
		<value>画画</value>
	</util:set>
	<util:map id="scoreBean">
		<entry key="english" value="80"/>
		<entry key="math" value="90"/>
	</util:map>
	<util:properties id="dbBean">
		<prop key="username">Sally</prop>
		<prop key="password">1234</prop>
	</util:properties>
	<!-- 引用的方式注入集合类型的值 -->
	<bean id="eb2" class="value.ExampleBean">
		<property name="cities" 
		ref="citiesBean"/>
		<property name="interest" 
		ref="interestBean"/>
		<property name="score" 
		ref="scoreBean"/>
		<property name="db" 
		ref="dbBean"/>
	</bean>
	<!-- 读取properties文件的内容 -->
	<!-- 
		location属性：指定读取的properties
		文件的内容，其中 classpath表示依据
		类路径去搜索。
	 -->
	<util:properties id="config" 
	location="classpath:config.properties"/>
	
	<!-- 使用spring表达式读取bean的属性值 -->
	<bean id="sb1" class="value.SpelBean">
		<property name="name" 
		value="#{eb1.name}"/>
		<property name="city"
		value="#{eb1.cities[1]}"/>
		<property name="score"
		value="#{eb1.score['英语']}"/>
		<property name="pageSize"
		value="#{config.pagesize}"/>
	</bean>
	
	
</beans>


