﻿<?xml version="1.0" encoding="utf-8"?>
<!DOCTYPE hibernate-mapping PUBLIC 
 "-//Hibernate/Hibernate Mapping DTD 3.0//EN"
 "http://www.hibernate.org/dtd/hibernate-mapping-3.0.dtd">
<hibernate-mapping>
	<class name="cn.tedu.entity.User"
			table="cn_user">
		<!-- 主键映射 -->	
		<id name="id" column="cn_user_id"
		type="string"></id>
		<!-- 非主键映射 -->
		<property name="name" 
		column="cn_user_name"
		type="string"></property>
		
		<property name="password" 
		column="cn_user_password"
		type="string"></property>	
	</class>
</hibernate-mapping>