<?xml version="1.0" encoding="UTF-8" ?>  
<!DOCTYPE mapper PUBLIC "-//ibatis.apache.org//DTD Mapper 3.0//EN"      
 "http://ibatis.apache.org/dtd/ibatis-3-mapper.dtd">
<mapper namespace="cn.tedu.note.dao.NotebookDao">
	<!-- 返回值 List<Map<String, Object>> 
	resultType 定义返回值List中每个元素的类型
	-->
	<select id="findNotebooksByUserId"
		resultType="map"
		parameterType="string">
		select 
			cn_notebook_id as "id",
			cn_notebook_name as "name"
		from
			cn_notebook
		where
 			cn_user_id = #{userId}
	</select>
	
	<select id="findNotebooksByPage"
		parameterType="map"
		resultType="map">
		select 
			cn_notebook_id as id,
			cn_notebook_name as name
		from
			cn_notebook
		where
			cn_user_id=#{userId}
		<if test="start != null">
			limit #{start}, #{rows}	
		</if>
	</select>
	
	
	
	<select id="findNotebookById"
		parameterType="string"
		resultType="cn.tedu.note.entity.Notebook">
		select 
			cn_notebook_id as id,
			cn_user_id as userId,
			cn_notebook_type_id as typeId,
			cn_notebook_name as name,
			cn_notebook_desc as "desc",
			cn_notebook_createtime as createTime
		from
			cn_notebook
		where
			cn_notebook_id=#{notebookId}
	</select>
	
	<delete id="deleteNotebook"
		parameterType="string">
		delete from cn_notebook
		where cn_notebook_id=#{id}	
	</delete>
</mapper>







