<?xml version="1.0" encoding="UTF-8"?>
<beans xmlns="http://www.springframework.org/schema/beans"
	xmlns:xsi="http://www.w3.org/2001/XMLSchema-instance" xmlns:context="http://www.springframework.org/schema/context"
	xmlns:jdbc="http://www.springframework.org/schema/jdbc" xmlns:jee="http://www.springframework.org/schema/jee"
	xmlns:tx="http://www.springframework.org/schema/tx" xmlns:aop="http://www.springframework.org/schema/aop"
	xmlns:mvc="http://www.springframework.org/schema/mvc" xmlns:util="http://www.springframework.org/schema/util"
	xmlns:jpa="http://www.springframework.org/schema/data/jpa"
	xsi:schemaLocation="
		http://www.springframework.org/schema/beans http://www.springframework.org/schema/beans/spring-beans-3.0.xsd
		http://www.springframework.org/schema/context http://www.springframework.org/schema/context/spring-context-3.0.xsd
		http://www.springframework.org/schema/jdbc http://www.springframework.org/schema/jdbc/spring-jdbc-3.0.xsd
		http://www.springframework.org/schema/jee http://www.springframework.org/schema/jee/spring-jee-3.0.xsd
		http://www.springframework.org/schema/tx http://www.springframework.org/schema/tx/spring-tx-3.0.xsd
		http://www.springframework.org/schema/data/jpa http://www.springframework.org/schema/data/jpa/spring-jpa-1.3.xsd
		http://www.springframework.org/schema/aop http://www.springframework.org/schema/aop/spring-aop-3.0.xsd
		http://www.springframework.org/schema/mvc http://www.springframework.org/schema/mvc/spring-mvc-3.0.xsd
		http://www.springframework.org/schema/util http://www.springframework.org/schema/util/spring-util-3.0.xsd">
	<!-- 定义DataSource -->
	<bean id="dataSource" 
		class="org.apache.commons.dbcp.BasicDataSource">
		<property name="driverClassName" 
			value="com.mysql.jdbc.Driver"/>
		<property name="url" 
			value="jdbc:mysql://localhost:3306/test"/>
		<property name="username"
			value="root"/>
		<property name="password"
			value="root"/>
		
	</bean>
	<!-- 定义SqlSessionFactoryBean -->
	<bean id="sqlSessionFactory"
 		class="org.mybatis.spring.SqlSessionFactoryBean">
 		<property name="dataSource"
 			ref="dataSource"/>
 		<!-- mapper文件存储在 
 			src/main/resources/mapper 文件夹 -->
 		<property name="mapperLocations"
 			value="classpath:mapper/*.xml"/>
 	</bean>
	
	<!-- 定义MapperScanner -->
	<bean id="mapperScanner" 
 		class="org.mybatis.spring.mapper.MapperScannerConfigurer">
 		<property name="sqlSessionFactory"
 			ref="sqlSessionFactory"/>
 		<property name="basePackage"
 			value="cn.tedu.dao"/>
 	</bean>
</beans>




