<?xml version="1.0" encoding="UTF-8"?>
<!DOCTYPE struts PUBLIC
    "-//Apache Software Foundation//DTD Struts Configuration 2.3//EN"
    "http://struts.apache.org/dtds/struts-2.3.dtd">
<struts>
	<package name="login" namespace="/login"
	extends="json-default">
		<action name="login" class="loginAction">
			<result name="success" type="json">
				<param name="root">result</param>
			</result>
			<result name="error" type="json">
				<param name="root">result</param>
			</result>
		</action>
	</package>
</struts>